{
  "project_info": {
    "project_number": "732989675907",
    "firebase_url": "https://semdam1086-default-rtdb.firebaseio.com",
    "project_id": "semdam1086",
    "storage_bucket": "semdam1086.appspot.com"
  },
  "client": [
    {
      "client_info": {
        "mobilesdk_app_id": "1:732989675907:android:62364ace8009b31604beb6",
        "android_client_info": {
          "package_name": "ro.ase.semdam"
        }
      },
      "oauth_client": [],
      "api_key": [
        {
          "current_key": "AIzaSyD06yKHCpDKoEeS1SHlDY7dBKucwXmGGBw"
        }
      ],
      "services": {
        "appinvite_service": {
          "other_platform_oauth_client": []
        }
      }
    }
  ],
  "configuration_version": "1"
}