{
  "project_info": {
    "project_number": "159301337085",
    "firebase_url": "https://semdam-1089-default-rtdb.firebaseio.com",
    "project_id": "semdam-1089",
    "storage_bucket": "semdam-1089.appspot.com"
  },
  "client": [
    {
      "client_info": {
        "mobilesdk_app_id": "1:159301337085:android:fb6b48b8a06fe559bde394",
        "android_client_info": {
          "package_name": "ro.ase.semdam"
        }
      },
      "oauth_client": [],
      "api_key": [
        {
          "current_key": "AIzaSyCp2KHFheUZv15JiukOf6uuyvF0l9_DiDo"
        }
      ],
      "services": {
        "appinvite_service": {
          "other_platform_oauth_client": []
        }
      }
    }
  ],
  "configuration_version": "1"
}