{
  "project_info": {
    "project_number": "417803097399",
    "firebase_url": "https://semdam1085-default-rtdb.firebaseio.com",
    "project_id": "semdam1085",
    "storage_bucket": "semdam1085.appspot.com"
  },
  "client": [
    {
      "client_info": {
        "mobilesdk_app_id": "1:417803097399:android:5a0f38fc6b075e262236b2",
        "android_client_info": {
          "package_name": "ro.ase.semdam"
        }
      },
      "oauth_client": [],
      "api_key": [
        {
          "current_key": "AIzaSyDznPqcCQAumcUro9fEL9IioUUe5gT1TSY"
        }
      ],
      "services": {
        "appinvite_service": {
          "other_platform_oauth_client": []
        }
      }
    }
  ],
  "configuration_version": "1"
}