{
  "project_info": {
    "project_number": "214640518877",
    "firebase_url": "https://semdam-1090-default-rtdb.firebaseio.com",
    "project_id": "semdam-1090",
    "storage_bucket": "semdam-1090.appspot.com"
  },
  "client": [
    {
      "client_info": {
        "mobilesdk_app_id": "1:214640518877:android:b2ce576c1a1abd631a5d34",
        "android_client_info": {
          "package_name": "ro.ase.semdam"
        }
      },
      "oauth_client": [],
      "api_key": [
        {
          "current_key": "AIzaSyB-4d4-_ieEe8PLdFU0r8dcr6UCPUcpps4"
        }
      ],
      "services": {
        "appinvite_service": {
          "other_platform_oauth_client": []
        }
      }
    }
  ],
  "configuration_version": "1"
}